code,active
SD-001,yes
SD-002,yes
SD-003,yes
SD-004,yes
SD-005,yes
SD-006,yes
SD-007,yes
SD-008,yes
SD-009,yes
SD-010,yes
SD-011,yes
SD-012,yes
SD-013,yes
SD-014,yes
SD-015,yes
SD-016,yes
SD-017,yes
SD-018,yes
SD-019,yes
SD-020,yes
SD-021,yes
SD-022,yes
SD-023,yes
SD-024,yes
SD-025,yes
SD-026,yes
SD-027,yes
SD-028,yes
SD-029,yes
SD-030,yes
SD-031,yes
SD-032,yes
SD-033,yes
SD-034,yes
SD-035,yes
SD-036,yes
SD-037,yes
SD-038,yes
SD-039,yes
SD-040,yes
SD-041,yes
SD-042,yes
SD-043,yes
SD-044,yes
SD-045,yes
SD-046,yes
SD-047,yes
SD-048,yes
SD-049,yes
SD-050,yes
SD-051,yes
SD-052,yes
SD-053,yes
SD-054,yes
SD-055,yes
SD-056,yes
SD-057,yes
SD-058,yes
SD-059,yes
SD-060,yes
SD-061,yes
SD-062,yes
SD-063,yes
SD-064,yes
SD-065,yes
SD-066,yes
SD-067,yes
SD-068,yes
SD-069,yes
SD-070,yes
SD-071,yes
SD-072,yes
SD-073,yes
SD-074,yes
SD-075,yes
SD-076,yes
SD-077,yes
SD-078,yes
SD-079,yes
SD-080,yes
SD-081,yes
SD-082,yes
SD-083,yes
SD-084,yes
SD-085,yes
SD-086,yes
SD-087,yes
SD-088,yes
SD-089,yes
SD-090,yes
SD-091,yes
SD-092,yes
SD-093,yes
SD-094,yes
SD-095,yes
SD-096,yes
SD-097,yes
SD-098,yes
SD-099,yes
SD-100,yes
